"SourceArchive","MediaType","Sequence","OriginalEntryPath","NewFileName","NewRelativePath","WebsiteUrl","SizeBytes","SHA256"
"Review 2.0.zip","image","001","Review 2.0/567825111_17856032397544885_1470538604267471513_n.jpg","review-2-image-001.jpg","public/assets/reviews/review-2/images/review-2-image-001.jpg","/assets/reviews/review-2/images/review-2-image-001.jpg","274955","319E14F2F9F07CEF49D376B35900D906856C1447C0B0C5E55D0F8498C29D98C1"
"Review 2.0.zip","image","002","Review 2.0/572722386_17857060458544885_5409358200199405968_n.jpg","review-2-image-002.jpg","public/assets/reviews/review-2/images/review-2-image-002.jpg","/assets/reviews/review-2/images/review-2-image-002.jpg","631513","E0D36804DDE0F9B3BEB799E11D30B825DAB00B797C5B7164A908B495D4E2ACAE"
"Review 2.0.zip","image","003","Review 2.0/585174731_17859909369544885_2826282736621187144_n.jpg","review-2-image-003.jpg","public/assets/reviews/review-2/images/review-2-image-003.jpg","/assets/reviews/review-2/images/review-2-image-003.jpg","146728","D64CFE84DA135E29501813AE18E020BA586B7B448B9B96FD321F47EEBE7C869B"
"Review 2.0.zip","image","004","Review 2.0/587287133_17859877971544885_6465220713808151431_n.jpg","review-2-image-004.jpg","public/assets/reviews/review-2/images/review-2-image-004.jpg","/assets/reviews/review-2/images/review-2-image-004.jpg","402409","049FBC16F087748020B843498F47A970900103EE3EAE83103BA6B6238E612DFE"
"Review 2.0.zip","image","005","Review 2.0/587546522_17860708374544885_6160883727148813892_n.jpg","review-2-image-005.jpg","public/assets/reviews/review-2/images/review-2-image-005.jpg","/assets/reviews/review-2/images/review-2-image-005.jpg","361807","7AF8F25EC4F2031D2C5095A5CC31EF9E351B837FDD5048D4655582F34EE5BEA9"
"Review 2.0.zip","image","006","Review 2.0/587740042_17860628856544885_750342501866037301_n.jpg","review-2-image-006.jpg","public/assets/reviews/review-2/images/review-2-image-006.jpg","/assets/reviews/review-2/images/review-2-image-006.jpg","183400","0989454F78EB98A072F66D49F8BFB8FEC4F91B6142F0956A3112D7ACE3AC5445"
"Review 2.0.zip","image","007","Review 2.0/587981707_17860494474544885_7481961793792593496_n.jpg","review-2-image-007.jpg","public/assets/reviews/review-2/images/review-2-image-007.jpg","/assets/reviews/review-2/images/review-2-image-007.jpg","350250","F0112CE7DBD21F2AB2AE208B92DEB9F6EFBF5BC399F8B0ABA58B9DE6C1464478"
"Review 2.0.zip","image","008","Review 2.0/588694540_17861856588544885_7251704677798669886_n.jpg","review-2-image-008.jpg","public/assets/reviews/review-2/images/review-2-image-008.jpg","/assets/reviews/review-2/images/review-2-image-008.jpg","280252","9D9C5CBEDC46A7F9F11B4C8DF9A82979DD8A91DA1B9EF844F04CEA5AED9E95BF"
"Review 2.0.zip","image","009","Review 2.0/599707829_17862472614544885_8178562935893357885_n.jpg","review-2-image-009.jpg","public/assets/reviews/review-2/images/review-2-image-009.jpg","/assets/reviews/review-2/images/review-2-image-009.jpg","276724","E09B57D7A6F6AF230577ED7F3954059AED5B5FF30473EFF356CA4922F8AB0C9C"
"Review 2.0.zip","image","010","Review 2.0/602832871_17863143897544885_7624646419999970218_n.jpg","review-2-image-010.jpg","public/assets/reviews/review-2/images/review-2-image-010.jpg","/assets/reviews/review-2/images/review-2-image-010.jpg","288571","881CD1A62C4E2A85E654D71FCC1D7615178C7A163733C1D98FA1ACC6F87AFDE6"
"Review 2.0.zip","image","011","Review 2.0/603847662_17863473045544885_4061943292581350387_n.jpg","review-2-image-011.jpg","public/assets/reviews/review-2/images/review-2-image-011.jpg","/assets/reviews/review-2/images/review-2-image-011.jpg","250640","57A110ECE128D0D4B03B613716E5D14B9010A10D5B248ADD8F6E209F626C94C8"
"Review 2.0.zip","image","012","Review 2.0/604421489_17863374774544885_6449921494738513124_n.jpg","review-2-image-012.jpg","public/assets/reviews/review-2/images/review-2-image-012.jpg","/assets/reviews/review-2/images/review-2-image-012.jpg","287801","7BFD197F28CEF273B9756E681229D7183C17C583743A5D637BFCB66844AD96A9"
"Review 2.0.zip","image","013","Review 2.0/605376789_17863982502544885_3912840112574672063_n.webp","review-2-image-013.webp","public/assets/reviews/review-2/images/review-2-image-013.webp","/assets/reviews/review-2/images/review-2-image-013.webp","119674","5F4A0734FCD15AB4592A9BF934C0CC7BA5FCC759BA8047F975EB601AA35A28FD"
"Review 2.0.zip","image","014","Review 2.0/606720289_17864291592544885_1240260438744135054_n.jpg","review-2-image-014.jpg","public/assets/reviews/review-2/images/review-2-image-014.jpg","/assets/reviews/review-2/images/review-2-image-014.jpg","187227","1DF99D83600318D7E296DF774314594FAADCAE2A0A66C264B4F358928100693C"
"Review 2.0.zip","image","015","Review 2.0/613634945_17866374147544885_7883572811057459478_n.jpg","review-2-image-015.jpg","public/assets/reviews/review-2/images/review-2-image-015.jpg","/assets/reviews/review-2/images/review-2-image-015.jpg","429429","94B6408AF91AC3456383F10B755A5CDA2CD7DAA020CB10B27B7CA5C5BB5769FC"
"Review 2.0.zip","image","016","Review 2.0/616035982_17866750887544885_975713035309533589_n.jpg","review-2-image-016.jpg","public/assets/reviews/review-2/images/review-2-image-016.jpg","/assets/reviews/review-2/images/review-2-image-016.jpg","315051","3B48ACED7D53D53F64D11290FAF742D8058F70F2877C9BB644502453A2BD770C"
"Review 2.0.zip","image","017","Review 2.0/616447564_17866756131544885_1777065543829816753_n.jpg","review-2-image-017.jpg","public/assets/reviews/review-2/images/review-2-image-017.jpg","/assets/reviews/review-2/images/review-2-image-017.jpg","334639","77CD2B04A8ADF53C27ED4F815B122BA0536AAC95E835CA844D9AA5BF61276150"
"Review 2.0.zip","image","018","Review 2.0/618129977_17866883781544885_4942026264247527287_n.webp","review-2-image-018.webp","public/assets/reviews/review-2/images/review-2-image-018.webp","/assets/reviews/review-2/images/review-2-image-018.webp","76168","4FD375F64DF5D4C5CC80DA83204611F86C8EC5816F1412F1F96CF5756B6F3B90"
"Review 2.0.zip","image","019","Review 2.0/627180363_17869286421544885_1370567962890541831_n.jpg","review-2-image-019.jpg","public/assets/reviews/review-2/images/review-2-image-019.jpg","/assets/reviews/review-2/images/review-2-image-019.jpg","266947","474DF2BFD0D7D0C5694A87FA272CD35D2EBA73E06205DDE0D9073267A348E839"
"Review 2.0.zip","image","020","Review 2.0/627349527_17869284348544885_6537725430687321053_n.jpg","review-2-image-020.jpg","public/assets/reviews/review-2/images/review-2-image-020.jpg","/assets/reviews/review-2/images/review-2-image-020.jpg","520096","5473E1AD645529ABA2140EB142A828D6FD0828EF067C0991160573C27B33B127"
"Review 2.0.zip","image","021","Review 2.0/627690677_17869560252544885_4185538852711615991_n.jpg","review-2-image-021.jpg","public/assets/reviews/review-2/images/review-2-image-021.jpg","/assets/reviews/review-2/images/review-2-image-021.jpg","557425","2354EBD797F56C9522B7A6969992F72503215005C1D09D44A47A4E0C2134EE3B"
"Review 2.0.zip","image","022","Review 2.0/629885292_17871310977544885_8171237943545552920_n.jpg","review-2-image-022.jpg","public/assets/reviews/review-2/images/review-2-image-022.jpg","/assets/reviews/review-2/images/review-2-image-022.jpg","367272","AD244738B432ED233E9751FECD253495D320AE41BDE99F88018A52B9CC6A0E94"
"Review 2.0.zip","image","023","Review 2.0/630089753_17869963437544885_7489505510978616202_n.jpg","review-2-image-023.jpg","public/assets/reviews/review-2/images/review-2-image-023.jpg","/assets/reviews/review-2/images/review-2-image-023.jpg","273457","D41D8E5219942064F9E59CFE0058C57CF6E13501684C897FCDEEB4EC319719FA"
"Review 2.0.zip","image","024","Review 2.0/630106451_17869953687544885_1560824202535651853_n.jpg","review-2-image-024.jpg","public/assets/reviews/review-2/images/review-2-image-024.jpg","/assets/reviews/review-2/images/review-2-image-024.jpg","340292","16F9FC0CF531DF1AD8536DB545821AFC4738F93827B77A4BE517C471AF6B662A"
"Review 2.0.zip","image","025","Review 2.0/635466296_17871167493544885_2197461540199151389_n.jpg","review-2-image-025.jpg","public/assets/reviews/review-2/images/review-2-image-025.jpg","/assets/reviews/review-2/images/review-2-image-025.jpg","294605","65007B24AFEE6CC9A0C7C8A6908EBEBDFCF7EFC1D37D9F2093B06009A211F5EC"
"Review 2.0.zip","image","026","Review 2.0/645721815_17873181078544885_5036039658007823934_n.webp","review-2-image-026.webp","public/assets/reviews/review-2/images/review-2-image-026.webp","/assets/reviews/review-2/images/review-2-image-026.webp","85420","519115000F38BA4471ECA4122419CC067D9DAE35D85533D859B3A4A5390B8259"
"Review 2.0.zip","image","027","Review 2.0/649167132_17874365892544885_3285566700239930889_n.jpg","review-2-image-027.jpg","public/assets/reviews/review-2/images/review-2-image-027.jpg","/assets/reviews/review-2/images/review-2-image-027.jpg","127827","2A60B136371D61E1D7F7D7FE32E8526D0E460CA88225A163F43B5C8C8156A245"
"Review 2.0.zip","image","028","Review 2.0/650068979_17874971685544885_2133814821373570008_n.jpg","review-2-image-028.jpg","public/assets/reviews/review-2/images/review-2-image-028.jpg","/assets/reviews/review-2/images/review-2-image-028.jpg","358708","2167A6770CFE1DDD1DDEDDAC885BA70740CB593CAD765AEA97118FA7DFE163B5"
"Review 2.0.zip","image","029","Review 2.0/650833246_17875251249544885_2212995574486843181_n.jpg","review-2-image-029.jpg","public/assets/reviews/review-2/images/review-2-image-029.jpg","/assets/reviews/review-2/images/review-2-image-029.jpg","171824","1C7BB290D93C2E55A88FF602B589B21D894C004D09E20891FAD12AA666D49CF8"
"Review 2.0.zip","image","030","Review 2.0/655180466_17876519451544885_3234647933848235722_n.jpg","review-2-image-030.jpg","public/assets/reviews/review-2/images/review-2-image-030.jpg","/assets/reviews/review-2/images/review-2-image-030.jpg","421722","EBA2D6751F0BDFEB77BE62F1FAEA8D5051618755F2700E66A8617FAFD9476C12"
"Review 2.0.zip","image","031","Review 2.0/661780782_17880068337544885_6320877568078710951_n.jpg","review-2-image-031.jpg","public/assets/reviews/review-2/images/review-2-image-031.jpg","/assets/reviews/review-2/images/review-2-image-031.jpg","347948","6D44DCA256CDD65D6322C275DA2BB97A6816999070336D07150B4111D8492EFA"
"Review 2.0.zip","image","032","Review 2.0/777237524_17904031935544885_1304627913301566758_n.jpg","review-2-image-032.jpg","public/assets/reviews/review-2/images/review-2-image-032.jpg","/assets/reviews/review-2/images/review-2-image-032.jpg","356020","E6709E487B7A7A407C62F3F15E30FE55EA5EE21CAEF9CDF5E7F5AD818C1487A0"
"Review 2.0.zip","video","001","Review 2.0/StorySaver.net-shopxzetio_-Video-1789306581062.mp4","review-2-video-001.mp4","public/assets/reviews/review-2/videos/review-2-video-001.mp4","/assets/reviews/review-2/videos/review-2-video-001.mp4","265744","49678438CCCBD036975BD82B0823ACF6FB5FB8F8490502391080B2FBBBA0DE14"
"Review 2.0.zip","video","002","Review 2.0/StorySaver.net-shopxzetio_-Video-1789306591241.mp4","review-2-video-002.mp4","public/assets/reviews/review-2/videos/review-2-video-002.mp4","/assets/reviews/review-2/videos/review-2-video-002.mp4","379742","64FBC1E57625B3D445617DB1542743A1F4D8DE28450BC5FB6E4B6A07394E3799"
"Review 2.0.zip","video","003","Review 2.0/StorySaver.net-shopxzetio_-Video-1789306596153.mp4","review-2-video-003.mp4","public/assets/reviews/review-2/videos/review-2-video-003.mp4","/assets/reviews/review-2/videos/review-2-video-003.mp4","241335","3FE9FF8247CD356864BF6560964B8F7E0989684D7412560C41FAE81243CEBEF8"
"Review 2.0.zip","video","004","Review 2.0/StorySaver.net-shopxzetio_-Video-1789306599806.mp4","review-2-video-004.mp4","public/assets/reviews/review-2/videos/review-2-video-004.mp4","/assets/reviews/review-2/videos/review-2-video-004.mp4","258251","9ADB67290A0B8E8ECE62442FE87050D0E9E5D4FABBA31352A07774B428BD5800"
"Review 2.0.zip","video","005","Review 2.0/StorySaver.net-shopxzetio_-Video-1789306603963.mp4","review-2-video-005.mp4","public/assets/reviews/review-2/videos/review-2-video-005.mp4","/assets/reviews/review-2/videos/review-2-video-005.mp4","207879","A41FCAA4083D92C348E4649396D12E0D5AE100BC37FC6052BC1A4E4621D10C32"
"Review 2.0.zip","video","006","Review 2.0/StorySaver.net-shopxzetio_-Video-1789306607550.mp4","review-2-video-006.mp4","public/assets/reviews/review-2/videos/review-2-video-006.mp4","/assets/reviews/review-2/videos/review-2-video-006.mp4","371371","95E048CD3F62DEB2E90613A55A461DDFA88471B68548C8E4B3AB3E3F566EE3C5"
"Review 2.0.zip","video","007","Review 2.0/StorySaver.net-shopxzetio_-Video-1789306611333.mp4","review-2-video-007.mp4","public/assets/reviews/review-2/videos/review-2-video-007.mp4","/assets/reviews/review-2/videos/review-2-video-007.mp4","359646","512D6DE6FFC00607638CE87EB54D5525EAAAED7FED2BE02E0AA0533D0B3F3510"
"Review 2.0.zip","video","008","Review 2.0/StorySaver.net-shopxzetio_-Video-1789306616907.mp4","review-2-video-008.mp4","public/assets/reviews/review-2/videos/review-2-video-008.mp4","/assets/reviews/review-2/videos/review-2-video-008.mp4","334933","A228E823F8C9038447511741F5A79B799E4ED8142069197E9775797D0C76F09B"
"Review 2.0.zip","video","009","Review 2.0/StorySaver.net-shopxzetio_-Video-1789306622848.mp4","review-2-video-009.mp4","public/assets/reviews/review-2/videos/review-2-video-009.mp4","/assets/reviews/review-2/videos/review-2-video-009.mp4","306725","9450F7D5C4375B9AE99AA4DB5E3BB6D5A3CFFA0823940F3986CE4A168A07F70E"
"Review 2.0.zip","video","010","Review 2.0/StorySaver.net-shopxzetio_-Video-1789306628334.mp4","review-2-video-010.mp4","public/assets/reviews/review-2/videos/review-2-video-010.mp4","/assets/reviews/review-2/videos/review-2-video-010.mp4","338459","95DDC90F1B8959FB9B9835865F5D8ADDAA5E219277F37A1AAF610FC56D2DA382"
"Review 2.0.zip","video","011","Review 2.0/StorySaver.net-shopxzetio_-Video-1789306636892.mp4","review-2-video-011.mp4","public/assets/reviews/review-2/videos/review-2-video-011.mp4","/assets/reviews/review-2/videos/review-2-video-011.mp4","325647","1A3B3D1E66BF76EFD0604999D5F6C736D74415024D6348A878821090516F0CFF"
"Review 2.0.zip","video","012","Review 2.0/StorySaver.net-shopxzetio_-Video-1789306642061.mp4","review-2-video-012.mp4","public/assets/reviews/review-2/videos/review-2-video-012.mp4","/assets/reviews/review-2/videos/review-2-video-012.mp4","251183","0A1A718C4D5FD91147BBCBF289797CB878CC0110E0A3AE8865FBDD7621FCE83E"
"Review 2.0.zip","video","013","Review 2.0/StorySaver.net-shopxzetio_-Video-1789306646881.mp4","review-2-video-013.mp4","public/assets/reviews/review-2/videos/review-2-video-013.mp4","/assets/reviews/review-2/videos/review-2-video-013.mp4","125080","BF5F69CB69A466F160015C7370B7E81C6E1890E188667BAE1E2E983E33FEF393"
"Review 2.0.zip","video","014","Review 2.0/StorySaver.net-shopxzetio_-Video-1789306651129.mp4","review-2-video-014.mp4","public/assets/reviews/review-2/videos/review-2-video-014.mp4","/assets/reviews/review-2/videos/review-2-video-014.mp4","258755","99D0E57EC72524BD763B13D29F85C96FDA3D0FD43D057F815EBFAD31D13AC7C1"
"Review 2.0.zip","video","015","Review 2.0/StorySaver.net-shopxzetio_-Video-1789306671651.mp4","review-2-video-015.mp4","public/assets/reviews/review-2/videos/review-2-video-015.mp4","/assets/reviews/review-2/videos/review-2-video-015.mp4","259523","E0F86C575027C2D9074C004DD0A009DB97138C813D7DAAE486323AFDCD41BA78"
"Review 2.0.zip","video","016","Review 2.0/StorySaver.net-shopxzetio_-Video-1789306675954.mp4","review-2-video-016.mp4","public/assets/reviews/review-2/videos/review-2-video-016.mp4","/assets/reviews/review-2/videos/review-2-video-016.mp4","567240","0ECA325A8BAE36A25E43E250081D09FEB0352E7C3E3DB8E0FE061A35DC8680E4"
"Review 2.0.zip","video","017","Review 2.0/StorySaver.net-shopxzetio_-Video-1789306680190.mp4","review-2-video-017.mp4","public/assets/reviews/review-2/videos/review-2-video-017.mp4","/assets/reviews/review-2/videos/review-2-video-017.mp4","377845","D842282D4C14C8357582315AC6C84EA0849D4BB7AF06DA6AA9320BD28D8041EA"
"Review 2.0.zip","video","018","Review 2.0/StorySaver.net-shopxzetio_-Video-1789306684756.mp4","review-2-video-018.mp4","public/assets/reviews/review-2/videos/review-2-video-018.mp4","/assets/reviews/review-2/videos/review-2-video-018.mp4","712207","3D7789FF1F981199AB93DA2DB4AD07B0F357C3BDF693FAD78FDE8528F5225688"
"Review 2.0.zip","video","019","Review 2.0/StorySaver.net-shopxzetio_-Video-1789306689012.mp4","review-2-video-019.mp4","public/assets/reviews/review-2/videos/review-2-video-019.mp4","/assets/reviews/review-2/videos/review-2-video-019.mp4","469372","019E5790DD6254B6AAA8AAC89F1EDD9BBC18689971B37F4AD51A54572ECB34CB"
"Review 2.0.zip","video","020","Review 2.0/StorySaver.net-shopxzetio_-Video-1789306699283.mp4","review-2-video-020.mp4","public/assets/reviews/review-2/videos/review-2-video-020.mp4","/assets/reviews/review-2/videos/review-2-video-020.mp4","254264","FB1A1E52C5E62C90C61E0790D0F731AF52CA8E09BCEA6454E14B7D01460CC716"
"Review 2.0.zip","video","021","Review 2.0/StorySaver.net-shopxzetio_-Video-1789306754207.mp4","review-2-video-021.mp4","public/assets/reviews/review-2/videos/review-2-video-021.mp4","/assets/reviews/review-2/videos/review-2-video-021.mp4","319671","7D33D444506C868E8EE2828CBCFD111F6436306F1D3FCC32F0CDFAAF677709E3"
"Review 2.0.zip","video","022","Review 2.0/StorySaver.net-shopxzetio_-Video-1789306758228.mp4","review-2-video-022.mp4","public/assets/reviews/review-2/videos/review-2-video-022.mp4","/assets/reviews/review-2/videos/review-2-video-022.mp4","514299","832739D1B20EDDBF132766D247A26009EAD6A0575B69198AB1DB7CED1F855AFD"
"Review 2.0.zip","video","023","Review 2.0/StorySaver.net-shopxzetio_-Video-1789306764941.mp4","review-2-video-023.mp4","public/assets/reviews/review-2/videos/review-2-video-023.mp4","/assets/reviews/review-2/videos/review-2-video-023.mp4","394341","6C67432414E027E6CB4999A9A6FFD6F9A0B73A14E845A2E9FCB1E706EC4D32D8"
"Review 2.0.zip","video","024","Review 2.0/StorySaver.net-shopxzetio_-Video-1789306774325.mp4","review-2-video-024.mp4","public/assets/reviews/review-2/videos/review-2-video-024.mp4","/assets/reviews/review-2/videos/review-2-video-024.mp4","354502","29AFA419B6A476DA25F076866E4BBA5E966854FF5428FDC84A353216A9A0ACDD"
"Review 2.0.zip","video","025","Review 2.0/StorySaver.net-shopxzetio_-Video-1789306778171.mp4","review-2-video-025.mp4","public/assets/reviews/review-2/videos/review-2-video-025.mp4","/assets/reviews/review-2/videos/review-2-video-025.mp4","332014","1925293076B532A05C69E3D0535DECB0F410C74349335237755D32CB5B9E1953"
"Review 2.0.zip","video","026","Review 2.0/StorySaver.net-shopxzetio_-Video-1789306781828.mp4","review-2-video-026.mp4","public/assets/reviews/review-2/videos/review-2-video-026.mp4","/assets/reviews/review-2/videos/review-2-video-026.mp4","3136919","58F9198D68072B90DDF2266458A3EED104033F5CED09799E39194A30BC489593"
"Review 2.0.zip","video","027","Review 2.0/StorySaver.net-shopxzetio_-Video-1789306839579.mp4","review-2-video-027.mp4","public/assets/reviews/review-2/videos/review-2-video-027.mp4","/assets/reviews/review-2/videos/review-2-video-027.mp4","253462","35D53E4906A4626BCC35E38190786A6B34FBAE2FCE566E4F13F8B800864F6DC8"
"Review 2.0.zip","video","028","Review 2.0/StorySaver.net-shopxzetio_-Video-1789306843589.mp4","review-2-video-028.mp4","public/assets/reviews/review-2/videos/review-2-video-028.mp4","/assets/reviews/review-2/videos/review-2-video-028.mp4","694247","7293F8E8BF037C7939F582F98579AB2413409854AA27978E096966B03453044C"
"Review 2.0.zip","video","029","Review 2.0/StorySaver.net-shopxzetio_-Video-1789306851550.mp4","review-2-video-029.mp4","public/assets/reviews/review-2/videos/review-2-video-029.mp4","/assets/reviews/review-2/videos/review-2-video-029.mp4","506811","4891399273819B57186C16522E4D977EF44E0118DF573DC174B61D813C3CDAFC"
"Review 2.0.zip","video","030","Review 2.0/StorySaver.net-shopxzetio_-Video-1789306855190.mp4","review-2-video-030.mp4","public/assets/reviews/review-2/videos/review-2-video-030.mp4","/assets/reviews/review-2/videos/review-2-video-030.mp4","762303","AD4025800A5FAEE30B50B1ED2478EF3CB5379C250B7FC3A7D9F6E3EDEEF73A2C"
"Review 2.0.zip","video","031","Review 2.0/StorySaver.net-shopxzetio_-Video-1789306864445.mp4","review-2-video-031.mp4","public/assets/reviews/review-2/videos/review-2-video-031.mp4","/assets/reviews/review-2/videos/review-2-video-031.mp4","703766","278444EE5A861CA72619332A4E60E57F90BC4717295F37626800A2D556260BB4"
"Review 2.0.zip","video","032","Review 2.0/StorySaver.net-shopxzetio_-Video-1789306878300.mp4","review-2-video-032.mp4","public/assets/reviews/review-2/videos/review-2-video-032.mp4","/assets/reviews/review-2/videos/review-2-video-032.mp4","76969","7E6163E77C346A348C9F60D46FF5D597A2B451C10470F7F41E44EEF666599AD6"
"Review 2.0.zip","video","033","Review 2.0/StorySaver.net-shopxzetio_-Video-1789306883919.mp4","review-2-video-033.mp4","public/assets/reviews/review-2/videos/review-2-video-033.mp4","/assets/reviews/review-2/videos/review-2-video-033.mp4","556405","ED9CE2159929C7082911F0FACF2009E9555CFE6FE6200FA9D596F829B08A365E"
"Review 2.0.zip","video","034","Review 2.0/StorySaver.net-shopxzetio_-Video-1789306888024.mp4","review-2-video-034.mp4","public/assets/reviews/review-2/videos/review-2-video-034.mp4","/assets/reviews/review-2/videos/review-2-video-034.mp4","398272","6F04334A954CA2A3CD405D6F6D7A0CB09C3DC92C85D1498993CB0A11A105A20C"
"Review 2.0.zip","video","035","Review 2.0/StorySaver.net-shopxzetio_-Video-1789306891786.mp4","review-2-video-035.mp4","public/assets/reviews/review-2/videos/review-2-video-035.mp4","/assets/reviews/review-2/videos/review-2-video-035.mp4","211261","71CAD7DEA5C61D7F81901AA4B4BE060EEFAA0197DAA7CD4D203697FE95873376"
"Review 2.0.zip","video","036","Review 2.0/StorySaver.net-shopxzetio_-Video-1789306899515.mp4","review-2-video-036.mp4","public/assets/reviews/review-2/videos/review-2-video-036.mp4","/assets/reviews/review-2/videos/review-2-video-036.mp4","156484","82C5590D3CEBCAB8243B5DDB311C6D76279DEC0840E9524E41E229B1BF9653AE"
"Review 2.0.zip","video","037","Review 2.0/StorySaver.net-shopxzetio_-Video-1789306920693.mp4","review-2-video-037.mp4","public/assets/reviews/review-2/videos/review-2-video-037.mp4","/assets/reviews/review-2/videos/review-2-video-037.mp4","590008","776DB9503D48EFDF82FBFD50E418EEFDF0B99D27EF803D8CCE8A9D81C4C6DC0F"
"Review 2.0.zip","video","038","Review 2.0/StorySaver.net-shopxzetio_-Video-1789306931683.mp4","review-2-video-038.mp4","public/assets/reviews/review-2/videos/review-2-video-038.mp4","/assets/reviews/review-2/videos/review-2-video-038.mp4","114786","9AA0670B5438595285070FCC2C00801CCE02A63A912774ECA8878DAF81197FD2"
"Review 2.0.zip","video","039","Review 2.0/StorySaver.net-shopxzetio_-Video-1789306938090.mp4","review-2-video-039.mp4","public/assets/reviews/review-2/videos/review-2-video-039.mp4","/assets/reviews/review-2/videos/review-2-video-039.mp4","851076","C776CB2A708E7C0C708465A678A9AF96242D4CD4FB882FE63C271F01E3441A2B"
"Review 2.0.zip","video","040","Review 2.0/StorySaver.net-shopxzetio_-Video-1789306942240.mp4","review-2-video-040.mp4","public/assets/reviews/review-2/videos/review-2-video-040.mp4","/assets/reviews/review-2/videos/review-2-video-040.mp4","878252","570B23A141ECB19F2397FC8DD81B2986265AB0E020BA563D282349A3BE2C85A0"
"Review 2.0.zip","video","041","Review 2.0/StorySaver.net-shopxzetio_-Video-1789306956829.mp4","review-2-video-041.mp4","public/assets/reviews/review-2/videos/review-2-video-041.mp4","/assets/reviews/review-2/videos/review-2-video-041.mp4","1990056","1BD57503F6D2720709719726C1355244130868F2D690D500C8404DC263646955"
"Review 2.0.zip","video","042","Review 2.0/StorySaver.net-shopxzetio_-Video-1789306963554.mp4","review-2-video-042.mp4","public/assets/reviews/review-2/videos/review-2-video-042.mp4","/assets/reviews/review-2/videos/review-2-video-042.mp4","732662","33A2120DF48A3C4E6550D8CB7CBE90F7CFC3C2538EAAEF93BE8A568F68137262"
"Review 2.0.zip","video","043","Review 2.0/StorySaver.net-shopxzetio_-Video-1789306971756.mp4","review-2-video-043.mp4","public/assets/reviews/review-2/videos/review-2-video-043.mp4","/assets/reviews/review-2/videos/review-2-video-043.mp4","345331","7434BADD86A70670AB3A248FB8B9B0D2D7811A533935D845E9A018CDE18AA158"
"Review 2.0.zip","video","044","Review 2.0/StorySaver.net-shopxzetio_-Video-1789306975335.mp4","review-2-video-044.mp4","public/assets/reviews/review-2/videos/review-2-video-044.mp4","/assets/reviews/review-2/videos/review-2-video-044.mp4","221878","BBF55AFD45B068504358F60233071D1D1E7413C417F93A4F3FBF865936F87447"
"Review 2.0.zip","video","045","Review 2.0/StorySaver.net-shopxzetio_-Video-1789306978876.mp4","review-2-video-045.mp4","public/assets/reviews/review-2/videos/review-2-video-045.mp4","/assets/reviews/review-2/videos/review-2-video-045.mp4","289327","338ADE89403E57B246AB3C24C30D2F0E00F014AC1C084796B1D9EA42A008C660"
"Review 2.0.zip","video","046","Review 2.0/StorySaver.net-shopxzetio_-Video-1789306982364.mp4","review-2-video-046.mp4","public/assets/reviews/review-2/videos/review-2-video-046.mp4","/assets/reviews/review-2/videos/review-2-video-046.mp4","210478","7401032D1A953D0374F3EF9149390272A0867F984E907C003FA22905E13A41D1"
"Review 2.0.zip","video","047","Review 2.0/StorySaver.net-shopxzetio_-Video-1789306985866.mp4","review-2-video-047.mp4","public/assets/reviews/review-2/videos/review-2-video-047.mp4","/assets/reviews/review-2/videos/review-2-video-047.mp4","255006","FFA183534622C6861B8E9E987EF851F03C20D1A7A0CD26D23F4DADE753C5042F"
"Review 2.0.zip","video","048","Review 2.0/StorySaver.net-shopxzetio_-Video-1789306990192.mp4","review-2-video-048.mp4","public/assets/reviews/review-2/videos/review-2-video-048.mp4","/assets/reviews/review-2/videos/review-2-video-048.mp4","650669","727989382EF189A86B178905FCE4DD09FD4569AA8F8E4003C67D06B601DDA7FF"
"Review 2.0.zip","video","049","Review 2.0/StorySaver.net-shopxzetio_-Video-1789306994161.mp4","review-2-video-049.mp4","public/assets/reviews/review-2/videos/review-2-video-049.mp4","/assets/reviews/review-2/videos/review-2-video-049.mp4","228208","04FF33851369F2C43A20D5F6B0273F87B1F4D90993B27A24AF1A8E19E5204204"
"Review 2.0.zip","video","050","Review 2.0/StorySaver.net-shopxzetio_-Video-1789306997561.mp4","review-2-video-050.mp4","public/assets/reviews/review-2/videos/review-2-video-050.mp4","/assets/reviews/review-2/videos/review-2-video-050.mp4","1111455","6D2852143A2C3E6F5B340648FCCE79B0C472B0DE8E08F810137AE8B5B4FFF30B"
"Review 2.0.zip","video","051","Review 2.0/StorySaver.net-shopxzetio_-Video-1789307003892.mp4","review-2-video-051.mp4","public/assets/reviews/review-2/videos/review-2-video-051.mp4","/assets/reviews/review-2/videos/review-2-video-051.mp4","538238","3660CE2471D2E9B5A29EAFEFFB6BE51CCCAFCF43ABACAA978319F99AD4A25864"
"Review 3.0.zip","image","001","Review 3.0/604594820_17863677939544885_3792644202092021257_n.jpg","review-3-image-001.jpg","public/assets/reviews/review-3/images/review-3-image-001.jpg","/assets/reviews/review-3/images/review-3-image-001.jpg","247401","812CD8969D74B8E8978B1CD21965EBF5E44484F01AD21DE178DA814A8EB8E0FB"
"Review 3.0.zip","image","002","Review 3.0/604889063_17863649112544885_7228036448979699472_n.jpg","review-3-image-002.jpg","public/assets/reviews/review-3/images/review-3-image-002.jpg","/assets/reviews/review-3/images/review-3-image-002.jpg","500997","672E3159B91FB842D323170DEB13819CA796ECBB932859F3F739CD85D945CEF2"
"Review 3.0.zip","image","003","Review 3.0/607951239_17864700414544885_333907830378057962_n.jpg","review-3-image-003.jpg","public/assets/reviews/review-3/images/review-3-image-003.jpg","/assets/reviews/review-3/images/review-3-image-003.jpg","261860","F11BE86E02A6706135460E3A19EF54A986AF7EB7637D108993C858EC47C12CDC"
"Review 3.0.zip","image","004","Review 3.0/615221040_17866436427544885_5378747329922367816_n.jpg","review-3-image-004.jpg","public/assets/reviews/review-3/images/review-3-image-004.jpg","/assets/reviews/review-3/images/review-3-image-004.jpg","344930","9C4EE8C9D03C971BD9A1244D04474939CA4BD316AE7293F2DF5560BD637705D1"
"Review 3.0.zip","image","005","Review 3.0/616927560_17866763892544885_7492129171961523204_n.webp","review-3-image-005.webp","public/assets/reviews/review-3/images/review-3-image-005.webp","/assets/reviews/review-3/images/review-3-image-005.webp","190484","0583D3F37BB52B898D075D5E05B8F51B9E48CD2627B0F50A3C5576AB3031861F"
"Review 3.0.zip","image","006","Review 3.0/627782402_17869448964544885_1920712630416109230_n.jpg","review-3-image-006.jpg","public/assets/reviews/review-3/images/review-3-image-006.jpg","/assets/reviews/review-3/images/review-3-image-006.jpg","209568","68F15C4BBF1462D254BD745382969FE4141359C270A2231E24C420655EA585E6"
"Review 3.0.zip","image","007","Review 3.0/631744235_17870539152544885_6125153896942375303_n.jpg","review-3-image-007.jpg","public/assets/reviews/review-3/images/review-3-image-007.jpg","/assets/reviews/review-3/images/review-3-image-007.jpg","353675","4B9BB8589A4690C3EC722EA6B2DA1CC8EEF560097EA35B072065FE04AC71B138"
"Review 3.0.zip","image","008","Review 3.0/634870743_17871347034544885_163033214444425157_n.jpg","review-3-image-008.jpg","public/assets/reviews/review-3/images/review-3-image-008.jpg","/assets/reviews/review-3/images/review-3-image-008.jpg","306790","2966385E79E9DE706D6C6569EF8720BCBACA2B03231DF235BC019A32342EBA5B"
"Review 3.0.zip","image","009","Review 3.0/642499618_17872570050544885_5991806716238834613_n.jpg","review-3-image-009.jpg","public/assets/reviews/review-3/images/review-3-image-009.jpg","/assets/reviews/review-3/images/review-3-image-009.jpg","119637","232A2ACED058D6C14C0ABF20952DF38C1120C58A57CE09BB7C2C42C230F131E6"
"Review 3.0.zip","image","010","Review 3.0/650054054_17874918111544885_7207527408651707505_n.webp","review-3-image-010.webp","public/assets/reviews/review-3/images/review-3-image-010.webp","/assets/reviews/review-3/images/review-3-image-010.webp","115688","2DD032B72EC5C600976FA8D76FF5E7FD96590CB642C950F25FFB874EF1375E12"
"Review 3.0.zip","image","011","Review 3.0/651247480_17875394082544885_3412716358228836220_n.jpg","review-3-image-011.jpg","public/assets/reviews/review-3/images/review-3-image-011.jpg","/assets/reviews/review-3/images/review-3-image-011.jpg","400980","4256684D94F29E4C41F2707AF1703088D9B95A62E58785BC96DB7910FCA4FEDD"
"Review 3.0.zip","image","012","Review 3.0/652496716_17875439316544885_1198572496526010586_n.jpg","review-3-image-012.jpg","public/assets/reviews/review-3/images/review-3-image-012.jpg","/assets/reviews/review-3/images/review-3-image-012.jpg","251911","E0536EE6DE56A98BE1A6DD53C0B73ECFB44E58A6F32E6913A2B4C935B5534332"
"Review 3.0.zip","image","013","Review 3.0/652821449_17875488342544885_3008232815326734875_n.jpg","review-3-image-013.jpg","public/assets/reviews/review-3/images/review-3-image-013.jpg","/assets/reviews/review-3/images/review-3-image-013.jpg","103876","7CD1C72570B2630F565F41BB993788ED89630B9E8A03ADF38A00FAC81DFD5A70"
"Review 3.0.zip","image","014","Review 3.0/654015567_17876338989544885_4882039708160045064_n.jpg","review-3-image-014.jpg","public/assets/reviews/review-3/images/review-3-image-014.jpg","/assets/reviews/review-3/images/review-3-image-014.jpg","362797","639119CCB90ED225B6DCD753E94866E03F7A3A9F0C2A0DD749E67256FB9F0256"
"Review 3.0.zip","image","015","Review 3.0/658923274_17879384520544885_2121730230646454387_n.jpg","review-3-image-015.jpg","public/assets/reviews/review-3/images/review-3-image-015.jpg","/assets/reviews/review-3/images/review-3-image-015.jpg","288571","CE20F6A1CDE0FCCA6A4CC71A6EB475FDF7C70C4F544C8DE6B9200C6A8FDE9E46"
"Review 3.0.zip","image","016","Review 3.0/658986349_17878838274544885_4507643117329670487_n.jpg","review-3-image-016.jpg","public/assets/reviews/review-3/images/review-3-image-016.jpg","/assets/reviews/review-3/images/review-3-image-016.jpg","176142","A6C65B25726D258D2911C9DACBC70F63C37EF97D917E44BC38AFE53751832356"
"Review 3.0.zip","image","017","Review 3.0/659448664_17879578878544885_7740951983331854041_n.jpg","review-3-image-017.jpg","public/assets/reviews/review-3/images/review-3-image-017.jpg","/assets/reviews/review-3/images/review-3-image-017.jpg","75228","C43462127976362AE25FC21A74D99D37D2F175271ECC653CF9D0292F2C09C47F"
"Review 3.0.zip","image","018","Review 3.0/660455003_17880087015544885_5005103378234234998_n.jpg","review-3-image-018.jpg","public/assets/reviews/review-3/images/review-3-image-018.jpg","/assets/reviews/review-3/images/review-3-image-018.jpg","367661","CFDDDF07926CC52A4C76133149F5B7478AA0EDEF03252A53136E02342DAC572D"
"Review 3.0.zip","image","019","Review 3.0/685637845_17884687395544885_1035413590745964411_n.jpg","review-3-image-019.jpg","public/assets/reviews/review-3/images/review-3-image-019.jpg","/assets/reviews/review-3/images/review-3-image-019.jpg","218060","E6CC836AF9BB6194B5B17869C0A5503FE4B383D4AD9E82F720A8B1FFA1F3AB6F"
"Review 3.0.zip","image","020","Review 3.0/734474702_17896595163544885_8556302281906489348_n.jpg","review-3-image-020.jpg","public/assets/reviews/review-3/images/review-3-image-020.jpg","/assets/reviews/review-3/images/review-3-image-020.jpg","344235","EED88B989BAC2BFF9F3D35DA1C6862362D1DB7B52F1EE4ED3B78EF381801C7E7"
"Review 3.0.zip","video","001","Review 3.0/StorySaver.net-shopxzetio_-Video-1789307179242.mp4","review-3-video-001.mp4","public/assets/reviews/review-3/videos/review-3-video-001.mp4","/assets/reviews/review-3/videos/review-3-video-001.mp4","256087","674F46F4D26692AE25520E22D4CBF4FD82E6B5057DFF143807A808A82EFB132B"
"Review 3.0.zip","video","002","Review 3.0/StorySaver.net-shopxzetio_-Video-1789307192961.mp4","review-3-video-002.mp4","public/assets/reviews/review-3/videos/review-3-video-002.mp4","/assets/reviews/review-3/videos/review-3-video-002.mp4","8695007","C3969900AFB9773DB4969570A6F12480214AF7ACF3287409B0ACC44D3C81CA3E"
"Review 3.0.zip","video","003","Review 3.0/StorySaver.net-shopxzetio_-Video-1789307198648.mp4","review-3-video-003.mp4","public/assets/reviews/review-3/videos/review-3-video-003.mp4","/assets/reviews/review-3/videos/review-3-video-003.mp4","9013675","638479D2476A082E8BE7558B62B8ABE35C85C49F2889773E7828485A1B4E360D"
"Review 3.0.zip","video","004","Review 3.0/StorySaver.net-shopxzetio_-Video-1789307202376.mp4","review-3-video-004.mp4","public/assets/reviews/review-3/videos/review-3-video-004.mp4","/assets/reviews/review-3/videos/review-3-video-004.mp4","183387","F75D3F65399B14BF8405CF0C0CA41B82C43D3BEABB3B142BE395DDD1CD81122D"
"Review 3.0.zip","video","005","Review 3.0/StorySaver.net-shopxzetio_-Video-1789307206265.mp4","review-3-video-005.mp4","public/assets/reviews/review-3/videos/review-3-video-005.mp4","/assets/reviews/review-3/videos/review-3-video-005.mp4","6521747","DD65E9DD6767AD1EA70DCC11D9721FDFCC20106BB876DA17EA1E3B92A326D880"
"Review 3.0.zip","video","006","Review 3.0/StorySaver.net-shopxzetio_-Video-1789307210605.mp4","review-3-video-006.mp4","public/assets/reviews/review-3/videos/review-3-video-006.mp4","/assets/reviews/review-3/videos/review-3-video-006.mp4","532580","C95584C43971F562ABDBC53C7CC63EDCBCAA2BB38D6FAF618ECE030DBEE0B783"
"Review 3.0.zip","video","007","Review 3.0/StorySaver.net-shopxzetio_-Video-1789307214507.mp4","review-3-video-007.mp4","public/assets/reviews/review-3/videos/review-3-video-007.mp4","/assets/reviews/review-3/videos/review-3-video-007.mp4","1719008","C03610EDA10AFE7A685E6060D679254D8A0941D569806E8B13503551A49F82BE"
"Review 3.0.zip","video","008","Review 3.0/StorySaver.net-shopxzetio_-Video-1789307234107.mp4","review-3-video-008.mp4","public/assets/reviews/review-3/videos/review-3-video-008.mp4","/assets/reviews/review-3/videos/review-3-video-008.mp4","858490","71DAC7FD7CADFA47E007A46C20FEF5B30590E8FF0B9741FDFB5C00AEEF07AE45"
"Review 3.0.zip","video","009","Review 3.0/StorySaver.net-shopxzetio_-Video-1789307241849.mp4","review-3-video-009.mp4","public/assets/reviews/review-3/videos/review-3-video-009.mp4","/assets/reviews/review-3/videos/review-3-video-009.mp4","1500828","E998179A2BC61F19E7A32FCD701C444114304797B03037C0B588AB9237BC483D"
"Review 3.0.zip","video","010","Review 3.0/StorySaver.net-shopxzetio_-Video-1789307276865.mp4","review-3-video-010.mp4","public/assets/reviews/review-3/videos/review-3-video-010.mp4","/assets/reviews/review-3/videos/review-3-video-010.mp4","2175194","7B6C25D401DC41FEC77608D9277E2F7B9F7BB94844AD81E410108AA76B938BD7"
"Review 3.0.zip","video","011","Review 3.0/StorySaver.net-shopxzetio_-Video-1789307281725.mp4","review-3-video-011.mp4","public/assets/reviews/review-3/videos/review-3-video-011.mp4","/assets/reviews/review-3/videos/review-3-video-011.mp4","1220523","4494F668BCC0D241FA00911267F849049D98EE7EE5CDA3B9A048A0D3476053C3"
"Review 3.0.zip","video","012","Review 3.0/StorySaver.net-shopxzetio_-Video-1789307285642.mp4","review-3-video-012.mp4","public/assets/reviews/review-3/videos/review-3-video-012.mp4","/assets/reviews/review-3/videos/review-3-video-012.mp4","219486","CA549CB189EB3CA8CE283DAB855A8FEB7B3ECB668F66DFD12176D9D17D6FFAC9"
"Review 3.0.zip","video","013","Review 3.0/StorySaver.net-shopxzetio_-Video-1789307292873.mp4","review-3-video-013.mp4","public/assets/reviews/review-3/videos/review-3-video-013.mp4","/assets/reviews/review-3/videos/review-3-video-013.mp4","290101","C7AF66F872AEBB3B64B1EB8FF582689E03FE94BFB3AA7E7A6D071B8551CDA668"
"Review 3.0.zip","video","014","Review 3.0/StorySaver.net-shopxzetio_-Video-1789307296607.mp4","review-3-video-014.mp4","public/assets/reviews/review-3/videos/review-3-video-014.mp4","/assets/reviews/review-3/videos/review-3-video-014.mp4","307805","724187C536BA962DCE02A6B8B998ACE2A46FD454F525E1DB89ACE013091170CD"
"Review 3.0.zip","video","015","Review 3.0/StorySaver.net-shopxzetio_-Video-1789307304167.mp4","review-3-video-015.mp4","public/assets/reviews/review-3/videos/review-3-video-015.mp4","/assets/reviews/review-3/videos/review-3-video-015.mp4","796859","4E711F5A049A18AB3CA312A09DA2F3EC2230199A7824E15E4E9031A4C9193445"
"Review 3.0.zip","video","016","Review 3.0/StorySaver.net-shopxzetio_-Video-1789307307561.mp4","review-3-video-016.mp4","public/assets/reviews/review-3/videos/review-3-video-016.mp4","/assets/reviews/review-3/videos/review-3-video-016.mp4","174155","B13DBA52FD8B36B50B28DF48A49574C47EA632DE41F622BF20F8311611B39A95"
"Review 3.0.zip","video","017","Review 3.0/StorySaver.net-shopxzetio_-Video-1789307312429.mp4","review-3-video-017.mp4","public/assets/reviews/review-3/videos/review-3-video-017.mp4","/assets/reviews/review-3/videos/review-3-video-017.mp4","267853","1FC0B8EE4D3CE45900D0DE680F6E602CAE72E34A350FC59C67EB77CEB730324F"
"Review 3.0.zip","video","018","Review 3.0/StorySaver.net-shopxzetio_-Video-1789307319266.mp4","review-3-video-018.mp4","public/assets/reviews/review-3/videos/review-3-video-018.mp4","/assets/reviews/review-3/videos/review-3-video-018.mp4","198637","6EA0A4947217B589B76FF4E71A221D5E3923128D7327F06AFAC77DA76236B987"
"Review 3.0.zip","video","019","Review 3.0/StorySaver.net-shopxzetio_-Video-1789307323401.mp4","review-3-video-019.mp4","public/assets/reviews/review-3/videos/review-3-video-019.mp4","/assets/reviews/review-3/videos/review-3-video-019.mp4","536521","31303BFA716D24846ADA4F94FB84C63AA1F1BBC9F3C86F1690B1A1C1D4040E22"
